Epic_ID,Feature_ID,Capability_ID,Requirement_ID,Test_ID,Name,Category,Component,Status,Work_Package,Business_Value,Technical_Risk,Test_Coverage_%,Acceptance_Criteria,Verification_Method,Validation_Status,Last_Tested,Owner,Dependencies,Implementation_Notes
E1,E1.F1,E1.F1.C1,E1.F1.C1.R1,T1.1.1,Sub-10ms Routing Performance,Performance,FastEndpoints,Implemented,WP01,High Performance API,LOW,95%,Routing overhead <10ms p99,Performance Testing,PASS,2025-09-14,Backend,None,FastEndpoints framework active
E1,E1.F1,E1.F1.C2,E1.F1.C2.R1,T1.1.2,Automatic Endpoint Discovery,Developer Experience,FastEndpoints,Implemented,WP01,Reduced Boilerplate,LOW,90%,All endpoints auto-registered,Automated Testing,PASS,2025-09-14,Backend,None,Assembly scanning implemented
E1,E1.F2,E1.F2.C1,E1.F2.C1.R1,T1.2.1,Complete Schema Coverage,Documentation,Swagger/OpenAPI,Implemented,WP01,Developer Adoption,LOW,100%,Every endpoint documented,Manual Review,PASS,2025-09-14,Backend,E1.F1,OpenAPI generation from code
E1,E1.F2,E1.F2.C2,E1.F2.C2.R1,T1.2.2,Try-It-Out Functionality,Developer Experience,Swagger UI,Implemented,WP01,Integration Speed,LOW,100%,Interactive API testing,Manual Testing,PASS,2025-09-14,Backend,E1.F2.C1,Swagger UI configured
E1,E1.F3,E1.F3.C1,E1.F3.C1.R1,T1.3.1,Fast Liveness Response,Operational Reliability,Health Checks,Implemented,WP01,System Monitoring,LOW,100%,Response time <100ms,Automated Testing,PASS,2025-09-14,Backend,None,ASP.NET Core health checks
E1,E1.F3,E1.F3.C2,E1.F3.C2.R1,T1.3.2,Dependency Health Checks,Operational Reliability,Health Checks,Implemented,WP01,Service Readiness,LOW,95%,All dependencies verified,Automated Testing,PASS,2025-09-14,Backend,E1.F3.C1,Database and external service checks
E1,E1.F4,E1.F4.C1,E1.F4.C1.R1,T1.4.1,Fast Build Times,Development Velocity,CI/CD Pipeline,Implemented,WP01,Developer Productivity,MEDIUM,85%,Build pipeline <10 minutes,CI Monitoring,PASS,2025-09-14,DevOps,None,GitHub Actions optimized
E1,E1.F4,E1.F4.C2,E1.F4.C2.R1,T1.4.2,Coverage Threshold,Code Quality,CI/CD Pipeline,Implemented,WP01,Quality Assurance,MEDIUM,80%,Minimum 60% coverage maintained,Coverage Analysis,PASS,2025-09-14,DevOps,E1.F4.C1,Coverlet integration
E2,E2.F1,E2.F1.C1,E2.F1.C1.R1,T2.1.1,Multi-Currency Rate Support,Business Capability,FX Service,Implemented,WP02-WP03,Revenue Generation,HIGH,90%,50+ currency pairs supported,API Testing,PASS,2025-09-14,Backend,None,Rate service implementation
E2,E2.F1,E2.F1.C2,E2.F1.C2.R1,T2.1.2,Real-time Rate Updates,Business Capability,FX Service,Implemented,WP03,Market Competitiveness,HIGH,85%,Rate updates <30 seconds,Integration Testing,PASS,2025-09-14,Backend,E2.F1.C1,External rate provider integration
E2,E2.F1,E2.F1.C3,E2.F1.C3.R1,T2.1.3,Fast Quote Generation,Performance,FX API,Implemented,WP03,User Experience,HIGH,92%,Quote response <200ms,Performance Testing,PASS,2025-09-14,Backend,E2.F1.C1,Optimized quote calculation
E2,E2.F2,E2.F2.C1,E2.F2.C1.R1,T2.2.1,Accurate Rate Calculation,Financial Accuracy,Rate Engine,Planned,WP05,Financial Integrity,HIGH,0%,Rate accuracy within 0.1%,Financial Testing,PENDING,TBD,Backend,E2.F1,Advanced rate algorithms
E2,E2.F3,E2.F3.C1,E2.F3.C1.R1,T2.3.1,FX Conversion Execution,Transaction Processing,FX Engine,Planned,WP05,Core Business Function,HIGH,0%,Conversion execution <2s,End-to-End Testing,PENDING,TBD,Backend,E2.F2,Transaction processing engine
E2,E2.F4,E2.F4.C1,E2.F4.C1.R1,T2.4.1,Hedging Strategy,Risk Management,Risk Engine,Planned,WP05,Risk Mitigation,MEDIUM,0%,Risk exposure within tolerance,Risk Testing,PENDING,TBD,Backend,E2.F3,Risk management algorithms
E3,E3.F1,E3.F1.C1,E3.F1.C1.R1,T3.1.1,Multi-Factor Provider Selection,Payment Routing,Payment Orchestrator,Implemented,WP04,Payment Success Rate,HIGH,88%,Optimal provider selection,Load Testing,PASS,2025-09-14,Backend,E2.F1,Payment provider abstraction
E3,E3.F1,E3.F1.C2,E3.F1.C2.R1,T3.1.2,Sub-30 Second Failover,System Resilience,Payment Orchestrator,Implemented,WP04,System Reliability,HIGH,85%,Failover time <30 seconds,Failover Testing,PASS,2025-09-14,Backend,E3.F1.C1,Health monitoring and circuit breakers
E3,E3.F2,E3.F2.C1,E3.F2.C1.R1,T3.2.1,Unified Payment Interface,Integration Simplicity,Provider Adapters,Planned,WP04-WP05,Developer Experience,MEDIUM,0%,Standard interface across providers,Integration Testing,PENDING,TBD,Backend,E3.F1,Provider abstraction layer
E3,E3.F3,E3.F3.C1,E3.F3.C1.R1,T3.3.1,Complete Audit Trail,Compliance,Transaction Management,Planned,WP04-WP05,Regulatory Compliance,HIGH,0%,All events logged immutably,Audit Testing,PENDING,TBD,Backend,E3.F2,Event sourcing implementation
E3,E3.F4,E3.F4.C1,E3.F4.C1.R1,T3.4.1,99.9% Reconciliation Accuracy,Financial Compliance,Reconciliation Engine,Planned,WP05-WP11,Financial Integrity,HIGH,0%,<0.1% unmatched transactions,Audit Testing,PENDING,TBD,Backend,E3.F3,Automated reconciliation
E4,E4.F1,E4.F1.C1,E4.F1.C1.R1,T4.1.1,Real-time Notification Delivery,Real-time Communication,SignalR Hubs,Implemented,WP04,User Experience,MEDIUM,90%,Notification delivery <500ms,Integration Testing,PASS,2025-09-14,Backend,E1.F1,SignalR infrastructure
E4,E4.F1,E4.F1.C2,E4.F1.C2.R1,T4.1.2,Tenant-Isolated Updates,Multi-tenancy,SignalR Hubs,Implemented,WP04,Data Security,HIGH,85%,Tenant boundaries respected,Security Testing,PASS,2025-09-14,Backend,E4.F3.C1,Tenant context integration
E4,E4.F2,E4.F2.C1,E4.F2.C1.R1,T4.2.1,Comprehensive Metric Collection,Business Intelligence,Analytics Engine,Planned,WP08,Business Insights,MEDIUM,0%,All business metrics captured,Analytics Testing,PENDING,TBD,Backend,E4.F1,Event collection infrastructure
E4,E4.F2,E4.F2.C2,E4.F2.C2.R1,T4.2.2,Real-time Analytics Processing,Performance Monitoring,Analytics Engine,Planned,WP08,Operational Insights,MEDIUM,0%,Analytics data real-time availability,Performance Testing,PENDING,TBD,Backend,E4.F2.C1,Stream processing engine
E4,E4.F3,E4.F3.C1,E4.F3.C1.R1,T4.3.1,Ambient Tenant Context,Multi-tenancy,Tenant Management,Implemented,WP04,Development Simplicity,HIGH,88%,Context available throughout app,Security Testing,PASS,2025-09-14,Backend,E1.F1,Middleware implementation
E4,E4.F3,E4.F3.C2,E4.F3.C2.R1,T4.3.2,Data Isolation Enforcement,Multi-tenancy,Tenant Management,Implemented,WP04,Data Security,HIGH,85%,Complete tenant data isolation,Security Testing,PASS,2025-09-14,Backend,E4.F3.C1,RLS and query filtering
E4,E4.F4,E4.F4.C1,E4.F4.C1.R1,T4.4.1,Event-Driven Triggers,System Integration,Event Engine,Implemented,WP04,System Responsiveness,MEDIUM,82%,Events triggered reliably,Integration Testing,PASS,2025-09-14,Backend,E4.F1,Event publishing mechanism
E5,E5.F1,E5.F1.C1,E5.F1.C1.R1,T5.1.1,Comprehensive Policy Coverage,Risk Management,Security Framework,Implemented,WP09,Compliance Assurance,HIGH,95%,All security areas covered,Compliance Review,PASS,2025-09-14,Security,None,Security policy documentation
E5,E5.F1,E5.F1.C1,E5.F1.C1.R2,T5.1.2,Policy Accessibility,Governance,Security Framework,Implemented,WP09,Team Awareness,MEDIUM,90%,Central policy repository accessible,Manual Review,PASS,2025-09-14,Security,E5.F1.C1.R1,SECURITY.md published
E5,E5.F2,E5.F2.C1,E5.F2.C1.R1,T5.2.1,Comprehensive Secret Detection,Security Protection,Gitleaks,Implemented,WP09,Credential Protection,HIGH,90%,All secret types detected,Security Scanning,PASS,2025-09-14,Security,E5.F1,Gitleaks configuration
E5,E5.F2,E5.F2.C1,E5.F2.C1.R2,T5.2.2,Zero False Negatives,Security Protection,Gitleaks,Implemented,WP09,Security Reliability,HIGH,85%,100% critical secret detection,Security Testing,PASS,2025-09-14,Security,E5.F2.C1.R1,Enhanced detection rules
E5,E5.F3,E5.F3.C1,E5.F3.C1.R1,T5.3.1,Comprehensive Dependency Coverage,Vulnerability Management,Security Scanner,Implemented,WP09,Supply Chain Security,HIGH,88%,All dependencies scanned,Vulnerability Scanning,PASS,2025-09-14,Security,E5.F2,Dependency scanning pipeline
E5,E5.F4,E5.F4.C1,E5.F4.C1.R1,T5.4.1,Comprehensive Event Collection,Threat Detection,Security Monitoring,Planned,WP09-WP08,Incident Response,HIGH,0%,All security events monitored,Security Monitoring,PENDING,TBD,Security,E5.F3,SIEM integration
E6,E6.F1,E6.F1.C1,E6.F1.C1.R1,T6.1.1,Documentation Currency,Developer Experience,Documentation System,Implemented,WP10,Developer Productivity,LOW,85%,Docs updated within 24h of changes,Automated Testing,PASS,2025-09-14,DevEx,E1.F2,Automated doc generation
E6,E6.F1,E6.F1.C2,E6.F1.C2.R1,T6.1.2,Real-time Status Updates,Project Management,WPS Tracking,Implemented,WP10,Project Visibility,LOW,90%,Status updates within 5 minutes,Manual Review,PASS,2025-09-14,DevEx,E6.F1.C1,Version control integration
E6,E6.F2,E6.F2.C1,E6.F2.C1.R1,T6.2.1,Complete Request Lifecycle Logging,Observability,Request Logging,Implemented,WP02,Troubleshooting Capability,MEDIUM,80%,All request stages logged,Log Analysis,PASS,2025-09-14,Backend,E1.F1,Structured logging middleware
E6,E6.F2,E6.F2.C2,E6.F2.C2.R1,T6.2.2,End-to-End Request Tracing,Observability,Distributed Tracing,Planned,WP10,System Visibility,MEDIUM,0%,Complete distributed traces,Trace Analysis,PENDING,TBD,Backend,E6.F2.C1,OpenTelemetry integration
E6,E6.F2,E6.F2.C3,E6.F2.C3.R1,T6.2.3,High-Resolution Metrics,Observability,Metrics Collection,Planned,WP08-WP10,Performance Analysis,LOW,0%,Sub-second metric resolution,Metrics Testing,PENDING,TBD,Backend,E6.F2.C2,Prometheus integration
E6,E6.F3,E6.F3.C1,E6.F3.C1.R1,T6.3.1,Multi-IDE Support,Developer Experience,IDE Extensions,Planned,WP10,Developer Adoption,LOW,0%,Extensions for major IDEs,IDE Testing,PENDING,TBD,DevEx,E6.F1,IDE extension development
E6,E6.F3,E6.F3.C2,E6.F3.C2.R1,T6.3.2,Multi-Language Client Generation,Developer Experience,Code Generation,Planned,WP10,Platform Adoption,MEDIUM,0%,SDKs for all major languages,Generation Testing,PENDING,TBD,DevEx,E1.F2,OpenAPI specification
E7,E7.F1,E7.F1.C1,E7.F1.C1.R1,T7.1.1,Instant UI Updates,User Experience,Blazor SSR,Planned,WP06,User Satisfaction,MEDIUM,0%,UI updates <500ms,Performance Testing,PENDING,TBD,Frontend,E4.F1,SignalR client integration
E7,E7.F1,E7.F1.C2,E7.F1.C2.R1,T7.1.2,Multi-Channel Notifications,User Experience,Notification System,Planned,WP06,User Engagement,MEDIUM,0%,Notifications via multiple channels,Integration Testing,PENDING,TBD,Frontend,E7.F1.C1,Notification infrastructure
E7,E7.F2,E7.F2.C1,E7.F2.C1.R1,T7.2.1,Complete API Coverage in SDKs,Developer Experience,SDK Generation,Planned,WP06,Developer Adoption,MEDIUM,0%,All endpoints in generated SDKs,SDK Testing,PENDING,TBD,DevEx,E6.F3.C2,SDK generation pipeline
E7,E7.F2,E7.F2.C2,E7.F2.C2.R1,T7.2.2,Multiple Auth Method Support,Security,SDK Authentication,Planned,WP06,Integration Flexibility,HIGH,0%,All auth methods supported,Security Testing,PENDING,TBD,DevEx,E5.F2,Authentication framework
E7,E7.F2,E7.F2.C3,E7.F2.C3.R1,T7.2.3,Idempotency-Key Support,Reliability,SDK Features,Planned,WP06,Operation Safety,MEDIUM,0%,Automatic idempotency handling,Integration Testing,PENDING,TBD,DevEx,E7.F2.C2,Advanced SDK features
E7,E7.F3,E7.F3.C1,E7.F3.C1.R1,T7.3.1,Real-time KPI Dashboard,Business Intelligence,Admin Dashboard,Planned,WP07,Operational Efficiency,MEDIUM,0%,KPIs with real-time updates,UI Testing,PENDING,TBD,Frontend,E7.F1,Real-time UI foundation
E7,E7.F3,E7.F3.C2,E7.F3.C2.R1,T7.3.2,Comprehensive CRUD Operations,Data Management,Admin Dashboard,Planned,WP07,Administrative Capability,MEDIUM,0%,All entities manageable,Functional Testing,PENDING,TBD,Frontend,E7.F3.C1,Dashboard infrastructure
E7,E7.F3,E7.F3.C3,E7.F3.C3.R1,T7.3.3,Role-Based Access Control,Security,Admin Dashboard,Planned,WP07,Data Security,HIGH,0%,RBAC enforced in UI,Security Testing,PENDING,TBD,Frontend,E5.F1,Security framework
E8,E8.F1,E8.F1.C1,E8.F1.C1.R1,T8.1.1,Scale-to-Zero Capability,Cost Optimization,Container Apps,Planned,WP12,Cost Efficiency,MEDIUM,0%,Zero instances during idle,Cost Testing,PENDING,TBD,Infrastructure,E7.F3,Application deployment
E8,E8.F1,E8.F1.C2,E8.F1.C2.R1,T8.1.2,Automated Load-Based Scaling,Performance,Container Apps,Planned,WP12,Performance Reliability,MEDIUM,0%,Auto-scaling based on metrics,Load Testing,PENDING,TBD,Infrastructure,E8.F1.C1,Scaling infrastructure
E8,E8.F2,E8.F2.C1,E8.F2.C1.R1,T8.2.1,Idle Cost Target Below $50/Month,Cost Management,Cost Optimization,Planned,WP12,Financial Sustainability,MEDIUM,0%,Monthly costs <$50 during idle,Cost Monitoring,PENDING,TBD,Infrastructure,E8.F1,Container platform
E8,E8.F2,E8.F2.C2,E8.F2.C2.R1,T8.2.2,Automated Resource Right-Sizing,Cost Optimization,Resource Management,Planned,WP12,Resource Efficiency,MEDIUM,0%,Optimal resource allocation,Resource Testing,PENDING,TBD,Infrastructure,E8.F2.C1,Monitoring integration
E8,E8.F3,E8.F3.C1,E8.F3.C1.R1,T8.3.1,99.9% Uptime SLA,Service Reliability,High Availability,Planned,WP11-WP12,Service Quality,MEDIUM,0%,Maximum 8.76h downtime/year,SLA Monitoring,PENDING,TBD,Infrastructure,E8.F1,Multi-zone deployment
E8,E8.F3,E8.F3.C2,E8.F3.C2.R1,T8.3.2,Automated Backup Strategy,Data Protection,Backup System,Planned,WP12,Data Safety,HIGH,0%,Comprehensive automated backups,Backup Testing,PENDING,TBD,Infrastructure,E8.F3.C1,Backup infrastructure