WP_ID,WP_Title,Epic_ID,Feature_ID,Capability_ID,Requirement_ID,Test_ID,Status,Priority,Business_Value,Technical_Risk,Verification_Method,Validation_Criteria,Implementation_Notes,Dependencies,Last_Updated,Owner
WP01,Repository and Tooling,E1,E1.F4,E1.F4.C1,E1.F4.C1.R1,T1.4.1,Implemented,Must Have,Development Velocity,LOW,Automated Testing,CI passes with >=60% coverage,GitHub Actions workflow active,None,2025-09-14,DevOps
WP01,Repository and Tooling,E1,E1.F4,E1.F4.C1,E1.F4.C1.R2,T1.4.2,Implemented,Must Have,Code Quality,LOW,Static Analysis,Build reproducibility verified,Deterministic builds with locked dependencies,None,2025-09-14,DevOps
WP01,Repository and Tooling,E1,E1.F1,E1.F1.C1,E1.F1.C1.R1,T1.1.1,Implemented,Must Have,Performance,LOW,Performance Testing,Sub-10ms routing performance,FastEndpoints framework active,None,2025-09-14,Backend
WP01,Repository and Tooling,E1,E1.F2,E1.F2.C1,E1.F2.C1.R1,T1.2.1,Implemented,Must Have,Developer Experience,LOW,Manual Testing,Complete API documentation,Swagger UI accessible at /swagger,None,2025-09-14,Backend
WP01,Repository and Tooling,E1,E1.F3,E1.F3.C1,E1.F3.C1.R1,T1.3.1,Implemented,Must Have,Operational Visibility,LOW,Automated Testing,Health checks respond in <100ms,Health endpoints return 200 OK,None,2025-09-14,Backend
WP02,Core Domain and Database,E2,E2.F1,E2.F1.C1,E2.F1.C1.R1,T2.1.1,Implemented,Must Have,Data Integrity,MEDIUM,Integration Testing,Multi-tenant data isolation,RLS policies enforce tenant boundaries,WP01,2025-09-14,Backend
WP02,Core Domain and Database,E2,E2.F1,E2.F1.C2,E2.F1.C2.R1,T2.1.2,Implemented,Must Have,Business Logic,MEDIUM,Unit Testing,Domain model accuracy,Entity relationships correctly modeled,WP01,2025-09-14,Backend
WP02,Core Domain and Database,E6,E6.F2,E6.F2.C1,E6.F2.C1.R1,T6.2.1,Implemented,Must Have,Observability,LOW,Log Analysis,Structured request logging,All requests logged with correlation IDs,WP01,2025-09-14,Backend
WP03,API and Contracts,E1,E1.F1,E1.F1.C2,E1.F1.C2.R1,T1.1.3,Implemented,Must Have,API Consistency,LOW,Automated Testing,Automatic endpoint discovery,All endpoints registered without manual config,WP01-WP02,2025-09-14,Backend
WP03,API and Contracts,E2,E2.F1,E2.F1.C3,E2.F1.C3.R1,T2.1.3,Implemented,Must Have,FX Operations,HIGH,API Testing,FX quote generation in <200ms,Quote endpoint responds within SLA,WP02,2025-09-14,Backend
WP03,API and Contracts,E7,E7.F2,E7.F2.C1,E7.F2.C1.R1,T7.2.1,Planned,Must Have,Developer Adoption,MEDIUM,SDK Testing,Complete API coverage in SDKs,Generated SDKs include all endpoints,WP01-WP03,TBD,Backend
WP04,Payment Orchestrator and Connectors,E3,E3.F1,E3.F1.C1,E3.F1.C1.R1,T3.1.1,Implemented,Must Have,Payment Success Rate,HIGH,Load Testing,Multi-factor provider selection,Optimal provider selected based on criteria,WP02-WP03,2025-09-14,Backend
WP04,Payment Orchestrator and Connectors,E3,E3.F1,E3.F1.C2,E3.F1.C2.R1,T3.1.2,Implemented,Must Have,System Resilience,HIGH,Failover Testing,Sub-30 second failover,Automatic failover to backup providers,WP03,2025-09-14,Backend
WP04,Payment Orchestrator and Connectors,E4,E4.F1,E4.F1.C1,E4.F1.C1.R1,T4.1.1,Implemented,Must Have,Real-time Communication,MEDIUM,Integration Testing,Real-time notification delivery <500ms,SignalR notifications working,WP03,2025-09-14,Backend
WP04,Payment Orchestrator and Connectors,E4,E4.F3,E4.F3.C1,E4.F3.C1.R1,T4.3.1,Implemented,Must Have,Multi-tenancy,HIGH,Security Testing,Ambient tenant context,Tenant isolation enforced,WP02,2025-09-14,Backend
WP05,Event Bridge and Tenant Isolation,E5,E5.F5,E5.F5.C1,E5.F5.C1.R1,T5.5.1,Implemented,Must Have,Event Streaming,MEDIUM,Integration Testing,Outbound webhook delivery with HMAC signing,Webhooks signed and delivered reliably,WP04,2025-09-14,Backend
WP05,Event Bridge and Tenant Isolation,E5,E5.F5,E5.F5.C2,E5.F5.C2.R1,T5.5.2,Implemented,Must Have,Delivery Reliability,MEDIUM,Automated Testing,Background retry with exponential backoff,Failed webhooks retry up to 5 times,WP04,2025-09-14,Backend
WP05,Event Bridge and Tenant Isolation,E5,E5.F5,E5.F5.C3,E5.F5.C3.R1,T5.5.3,Implemented,Must Have,Notification Broadcasting,LOW,Unit Testing,Composite notification service,Events sent to both SignalR and webhooks,WP04,2025-09-14,Backend
WP05,Event Bridge and Tenant Isolation,E6,E6.F1,E6.F1.C1,E6.F1.C1.R1,T6.1.1,Implemented,Must Have,Database Isolation,HIGH,Security Testing,Supabase RLS policies for tenant isolation,Tenant data completely isolated,WP02,2025-09-14,Backend
WP05,Event Bridge and Tenant Isolation,E6,E6.F1,E6.F1.C2,E6.F1.C2.R1,T6.1.2,Implemented,Must Have,Access Control,HIGH,Policy Testing,JWT-based tenant access validation,Only authorized tenant data accessible,WP04,2025-09-14,Backend
WP06,Checkout UI and SDKs,E7,E7.F1,E7.F1.C1,E7.F1.C1.R1,T7.1.1,Planned,Must Have,User Experience,MEDIUM,Performance Testing,TTFB <300ms and FCP <1.2s,UI performance targets met,WP04-WP05,TBD,Frontend
WP06,Checkout UI and SDKs,E7,E7.F1,E7.F1.C2,E7.F1.C2.R1,T7.1.2,Planned,Must Have,Real-time Updates,MEDIUM,UI Testing,Live notifications and alerts,Real-time UI updates working,WP04,TBD,Frontend
WP06,Checkout UI and SDKs,E7,E7.F2,E7.F2.C2,E7.F2.C2.R1,T7.2.2,Planned,Must Have,Authentication,HIGH,Security Testing,Multiple auth method support,SDK handles all auth methods,WP05,TBD,Frontend
WP06,Checkout UI and SDKs,E7,E7.F2,E7.F2.C3,E7.F2.C3.R1,T7.2.3,Planned,Must Have,Reliability,MEDIUM,Integration Testing,Idempotency-key support,SDKs handle idempotent operations,WP05,TBD,Frontend
WP07,Merchant Dashboard,E7,E7.F3,E7.F3.C1,E7.F3.C1.R1,T7.3.1,Planned,Must Have,Operational Efficiency,MEDIUM,Usability Testing,Real-time KPI dashboard,Operational metrics displayed,WP06,TBD,Frontend
WP07,Merchant Dashboard,E7,E7.F3,E7.F3.C2,E7.F3.C2.R1,T7.3.2,Planned,Must Have,Data Management,MEDIUM,Functional Testing,Comprehensive CRUD operations,All entities manageable via UI,WP06,TBD,Frontend
WP07,Merchant Dashboard,E7,E7.F3,E7.F3.C3,E7.F3.C3.R1,T7.3.3,Planned,Must Have,Access Control,HIGH,Security Testing,Role-based access control,RBAC properly enforced in UI,WP06,TBD,Frontend
WP08,Analytics and Reporting,E4,E4.F2,E4.F2.C1,E4.F2.C1.R1,T4.2.1,Planned,Should Have,Business Intelligence,MEDIUM,Analytics Testing,Comprehensive metric collection,All business metrics captured,WP07,TBD,Backend
WP08,Analytics and Reporting,E4,E4.F2,E4.F2.C2,E4.F2.C2.R1,T4.2.2,Planned,Should Have,Performance Insights,MEDIUM,Performance Testing,Real-time analytics processing,Analytics data available in real-time,WP07,TBD,Backend
WP08,Analytics and Reporting,E6,E6.F2,E6.F2.C3,E6.F2.C3.R1,T6.2.3,Planned,Should Have,Operational Metrics,LOW,Monitoring Testing,High-resolution metrics,Sub-second metric resolution,WP07,TBD,Backend
WP09,Security and Compliance Controls,E5,E5.F1,E5.F1.C1,E5.F1.C1.R1,T5.1.1,Implemented,Must Have,Risk Mitigation,HIGH,Compliance Testing,Comprehensive security policy coverage,All security areas covered,WP01,2025-09-14,Security
WP09,Security and Compliance Controls,E5,E5.F2,E5.F2.C1,E5.F2.C1.R1,T5.2.1,Implemented,Must Have,Secret Protection,HIGH,Security Scanning,Comprehensive secret pattern detection,All secret types detected,WP01,2025-09-14,Security
WP09,Security and Compliance Controls,E5,E5.F3,E5.F3.C1,E5.F3.C1.R1,T5.3.1,Implemented,Must Have,Vulnerability Management,HIGH,Vulnerability Scanning,Comprehensive dependency coverage,All dependencies scanned,WP01,2025-09-14,Security
WP09,Security and Compliance Controls,E5,E5.F4,E5.F4.C1,E5.F4.C1.R1,T5.4.1,Planned,Must Have,Threat Detection,HIGH,Security Monitoring,Comprehensive event collection,All security events monitored,WP08,TBD,Security
WP10,Quality CI/CD and Testing,E1,E1.F4,E1.F4.C2,E1.F4.C2.R1,T1.4.3,Implemented,Must Have,Quality Assurance,MEDIUM,Test Coverage Analysis,Coverage threshold enforcement,>=60% test coverage maintained,WP01,2025-09-14,QA
WP10,Quality CI/CD and Testing,E6,E6.F3,E6.F3.C1,E6.F3.C1.R1,T6.3.1,Planned,Should Have,Developer Productivity,LOW,IDE Testing,Multi-IDE support,Extensions work in major IDEs,WP09,TBD,DevEx
WP10,Quality CI/CD and Testing,E6,E6.F3,E6.F3.C2,E6.F3.C2.R1,T6.3.2,Planned,Should Have,Code Generation,LOW,Generation Testing,Multi-language client generation,SDKs generated for all languages,WP09,TBD,DevEx
WP11,Regulatory and Licensing,E5,E5.F1,E5.F1.C1,E5.F1.C1.R3,T5.1.3,Planned,Must Have,Compliance,HIGH,Compliance Audit,Responsible vulnerability disclosure,Clear disclosure process published,WP09,TBD,Legal
WP11,Regulatory and Licensing,E3,E3.F4,E3.F4.C1,E3.F4.C1.R1,T3.4.1,Planned,Must Have,Financial Compliance,HIGH,Audit Testing,99.9% reconciliation accuracy,Financial accuracy verified,WP04-WP05,TBD,Finance
WP11,Regulatory and Licensing,E8,E8.F3,E8.F3.C1,E8.F3.C1.R1,T8.3.1,Planned,Must Have,Service Availability,MEDIUM,SLA Monitoring,99.9% uptime SLA,Service availability verified,WP10,TBD,Infrastructure
WP12,Partner Integrations and GTM,E3,E3.F2,E3.F2.C1,E3.F2.C1.R1,T3.2.1,Planned,Must Have,Integration Simplicity,MEDIUM,Integration Testing,Unified payment interface,Standard interface across providers,WP04-WP05,TBD,Partnerships
WP12,Partner Integrations and GTM,E8,E8.F1,E8.F1.C1,E8.F1.C1.R1,T8.1.1,Planned,Must Have,Cost Optimization,MEDIUM,Cost Testing,Scale-to-zero capability,Hosting costs <$50/month idle,WP11,TBD,Infrastructure
WP12,Partner Integrations and GTM,E8,E8.F2,E8.F2.C1,E8.F2.C1.R1,T8.2.1,Planned,Must Have,Cost Management,MEDIUM,Cost Monitoring,Idle cost target below $50/month,Cost targets achieved,WP11,TBD,Infrastructure